time_period,stat,player_name,50_100_fw_shot_count,50_100_fw_value,100_150_fw_shot_count,100_150_fw_value,150_200_fw_shot_count,150_200_fw_value,over_200_fw_shot_count,over_200_fw_value,under_150_rgh_shot_count,under_150_rgh_value,over_150_rgh_shot_count,over_150_rgh_value
l24_months,good shot (over +0.5 sg) rate,"Haas, Bill",37,0.081,120,0.108,150,0.053,78,0.051,80,0.05,67,0.015
l24_months,good shot (over +0.5 sg) rate,"Gutschewski, Scott",55,0.091,157,0.108,196,0.051,98,0.051,69,0.101,83,0.024
l24_months,good shot (over +0.5 sg) rate,"Norgaard, Niklas",74,0.081,157,0.108,247,0.053,122,0.049,124,0.04,94,0.085
l24_months,good shot (over +0.5 sg) rate,"Barnes, Erik",59,0.119,161,0.106,236,0.072,118,0.068,111,0.054,101,0.03
l24_months,good shot (over +0.5 sg) rate,"Murray, Grayson",35,0.171,129,0.101,219,0.073,113,0.018,69,0.072,58,0.034
l24_months,good shot (over +0.5 sg) rate,"Noren, Alex",117,0.085,348,0.101,628,0.051,324,0.052,138,0.087,189,0.069
l24_months,good shot (over +0.5 sg) rate,"Morikawa, Collin",183,0.087,648,0.1,859,0.068,485,0.06,159,0.057,208,0.067
l24_months,good shot (over +0.5 sg) rate,"Streelman, Kevin",97,0.082,343,0.099,465,0.054,186,0.022,146,0.055,135,0.022
l24_months,good shot (over +0.5 sg) rate,"Thomas, Justin",181,0.083,530,0.098,744,0.066,417,0.072,300,0.067,283,0.071
l24_months,good shot (over +0.5 sg) rate,"Hoge, Tom",198,0.101,690,0.097,990,0.072,492,0.067,296,0.068,371,0.081
l24_months,good shot (over +0.5 sg) rate,"Kim, Si Woo",245,0.098,624,0.096,1001,0.076,541,0.072,260,0.073,272,0.059
l24_months,good shot (over +0.5 sg) rate,"Schenk, Adam",245,0.073,539,0.095,778,0.053,386,0.044,304,0.049,278,0.036
l24_months,good shot (over +0.5 sg) rate,"Glover, Lucas",185,0.092,648,0.094,955,0.073,440,0.061,189,0.074,232,0.078
l24_months,good shot (over +0.5 sg) rate,"Piercy, Scott",62,0.081,149,0.094,238,0.038,139,0.029,87,0.149,65,0.062
l24_months,good shot (over +0.5 sg) rate,"Wallace, Matt",149,0.094,363,0.094,664,0.063,342,0.053,248,0.056,242,0.037
l24_months,good shot (over +0.5 sg) rate,"Spaun, J.J.",182,0.088,641,0.094,888,0.069,427,0.054,280,0.029,273,0.07
l24_months,good shot (over +0.5 sg) rate,"Hovland, Viktor",162,0.117,461,0.093,675,0.068,370,0.068,195,0.067,223,0.049
l24_months,good shot (over +0.5 sg) rate,"Clark, Wyndham",220,0.141,586,0.092,760,0.046,426,0.073,301,0.076,284,0.032
l24_months,good shot (over +0.5 sg) rate,"Hojgaard, Rasmus",96,0.063,264,0.091,366,0.046,226,0.066,163,0.104,155,0.084
l24_months,good shot (over +0.5 sg) rate,"Hojgaard, Nicolai",129,0.093,341,0.091,576,0.071,273,0.044,186,0.059,229,0.07
l24_months,good shot (over +0.5 sg) rate,"Scheffler, Scottie",192,0.141,621,0.09,890,0.069,494,0.079,248,0.069,242,0.074
l24_months,good shot (over +0.5 sg) rate,"Phillips, Chandler",166,0.096,555,0.09,751,0.063,387,0.075,275,0.069,256,0.039
l24_months,good shot (over +0.5 sg) rate,"Young, Cameron",219,0.059,660,0.089,842,0.075,497,0.056,373,0.059,291,0.062
l24_months,good shot (over +0.5 sg) rate,"Grillo, Emiliano",166,0.084,653,0.089,984,0.062,471,0.049,246,0.069,271,0.055
l24_months,good shot (over +0.5 sg) rate,"Yuan, Carl",82,0.049,227,0.088,346,0.066,160,0.05,137,0.08,126,0.056
l24_months,good shot (over +0.5 sg) rate,"Griffin, Lanto",139,0.065,421,0.088,656,0.05,320,0.072,201,0.06,212,0.066
l24_months,good shot (over +0.5 sg) rate,"Norlander, Henrik",107,0.093,446,0.087,684,0.079,309,0.071,163,0.074,206,0.058
l24_months,good shot (over +0.5 sg) rate,"Kizzire, Patton",150,0.067,435,0.087,602,0.065,277,0.058,197,0.056,208,0.058
l24_months,good shot (over +0.5 sg) rate,"Kuchar, Matt",194,0.082,499,0.086,720,0.053,333,0.042,206,0.049,194,0.026
l24_months,good shot (over +0.5 sg) rate,"Coody, Pierceson",132,0.053,384,0.086,484,0.039,252,0.067,231,0.048,148,0.027
l24_months,good shot (over +0.5 sg) rate,"Olesen, Thorbjorn",153,0.078,431,0.086,653,0.043,328,0.061,194,0.057,238,0.063
l24_months,good shot (over +0.5 sg) rate,"Rose, Justin",132,0.083,420,0.086,691,0.056,360,0.044,181,0.072,212,0.033
l24_months,good shot (over +0.5 sg) rate,"Manassero, Matteo",55,0.091,176,0.085,322,0.053,167,0.048,78,0.077,120,0.042
l24_months,good shot (over +0.5 sg) rate,"Taylor, Nick",166,0.151,636,0.085,911,0.057,503,0.056,230,0.057,295,0.071
l24_months,good shot (over +0.5 sg) rate,"Matsuyama, Hideki",178,0.107,614,0.085,841,0.075,448,0.071,295,0.054,308,0.045
l24_months,good shot (over +0.5 sg) rate,"Cauley, Bud",146,0.123,473,0.085,653,0.046,299,0.047,199,0.085,212,0.057
l24_months,good shot (over +0.5 sg) rate,"Castillo, Ricky",104,0.077,238,0.084,336,0.051,169,0.03,131,0.038,124,0.097
l24_months,good shot (over +0.5 sg) rate,"Hoffman, Charley",135,0.081,346,0.084,491,0.061,237,0.038,226,0.058,186,0.086
l24_months,good shot (over +0.5 sg) rate,"An, Byeong Hun",222,0.072,602,0.083,774,0.054,432,0.058,395,0.056,322,0.047
l24_months,good shot (over +0.5 sg) rate,"Novak, Andrew",215,0.084,602,0.083,902,0.054,453,0.053,295,0.054,319,0.063
l24_months,good shot (over +0.5 sg) rate,"Greyserman, Max",204,0.059,542,0.083,752,0.061,391,0.054,312,0.054,282,0.05
l24_months,good shot (over +0.5 sg) rate,"Potgieter, Aldrich",64,0.078,169,0.083,234,0.051,114,0.07,104,0.029,73,0.055
l24_months,good shot (over +0.5 sg) rate,"Knapp, Jake",174,0.098,520,0.083,755,0.058,421,0.064,300,0.083,326,0.058
l24_months,good shot (over +0.5 sg) rate,"Merritt, Troy",93,0.075,291,0.082,437,0.05,204,0.064,156,0.096,128,0.063
l24_months,good shot (over +0.5 sg) rate,"Cole, Eric",221,0.095,705,0.082,1047,0.062,513,0.051,428,0.072,386,0.06
l24_months,good shot (over +0.5 sg) rate,"Widing, Tim",58,0.052,134,0.082,207,0.048,120,0.083,87,0.023,88,0.045
l24_months,good shot (over +0.5 sg) rate,"Day, Jason",134,0.112,476,0.082,743,0.051,392,0.043,211,0.071,266,0.06
l24_months,good shot (over +0.5 sg) rate,"Rozner, Antoine",63,0.127,233,0.082,361,0.05,171,0.064,107,0.065,130,0.046
l24_months,good shot (over +0.5 sg) rate,"Kitayama, Kurt",165,0.115,552,0.082,763,0.059,371,0.089,289,0.069,258,0.043
l24_months,good shot (over +0.5 sg) rate,"Perez, Victor",139,0.072,480,0.081,821,0.052,382,0.045,267,0.071,236,0.034
l24_months,good shot (over +0.5 sg) rate,"Lipsky, David",128,0.086,493,0.081,650,0.049,314,0.054,201,0.09,195,0.051
l24_months,good shot (over +0.5 sg) rate,"Theegala, Sahith",157,0.07,555,0.081,847,0.055,421,0.05,293,0.048,336,0.065
l24_months,good shot (over +0.5 sg) rate,"Roy, Kevin",103,0.068,284,0.081,376,0.043,186,0.081,134,0.075,108,0.065
l24_months,good shot (over +0.5 sg) rate,"Alexander, Tyson",58,0.052,210,0.081,320,0.053,153,0.059,125,0.104,152,0.059
l24_months,good shot (over +0.5 sg) rate,"Mitchell, Keith",228,0.079,485,0.08,723,0.065,378,0.063,377,0.056,223,0.058
l24_months,good shot (over +0.5 sg) rate,"Hardy, Nick",173,0.075,448,0.08,618,0.055,307,0.036,291,0.065,215,0.047
l24_months,good shot (over +0.5 sg) rate,"Valimaki, Sami",137,0.102,474,0.08,780,0.053,356,0.067,216,0.079,247,0.053
l24_months,good shot (over +0.5 sg) rate,"Gerard, Ryan",98,0.082,313,0.08,482,0.052,251,0.076,137,0.095,149,0.087
l24_months,good shot (over +0.5 sg) rate,"Bradley, Keegan",205,0.102,615,0.08,934,0.067,458,0.059,283,0.053,264,0.053
l24_months,good shot (over +0.5 sg) rate,"Berger, Daniel",140,0.121,477,0.08,860,0.071,391,0.051,165,0.067,206,0.058
l24_months,good shot (over +0.5 sg) rate,"Velo, Kevin",70,0.114,176,0.08,258,0.031,113,0.053,87,0.092,83,0.048
l24_months,good shot (over +0.5 sg) rate,"Burgoon, Bronson",38,0,88,0.08,146,0.068,78,0.051,61,0.033,67,0.015
l24_months,good shot (over +0.5 sg) rate,"Kim, Tom",206,0.102,580,0.079,952,0.066,500,0.046,267,0.082,286,0.049
l24_months,good shot (over +0.5 sg) rate,"Highsmith, Joe",150,0.093,517,0.079,692,0.069,327,0.064,267,0.06,230,0.07
l24_months,good shot (over +0.5 sg) rate,"Chandler, Will",74,0.041,227,0.079,304,0.033,161,0.037,121,0.033,118,0.093
l24_months,good shot (over +0.5 sg) rate,"Spieth, Jordan",183,0.082,493,0.079,755,0.05,389,0.059,265,0.087,242,0.058
l24_months,good shot (over +0.5 sg) rate,"Bezuidenhout, Christiaan",221,0.122,609,0.079,974,0.061,465,0.049,227,0.04,297,0.047
l24_months,good shot (over +0.5 sg) rate,"Kirk, Chris",217,0.097,571,0.079,834,0.064,423,0.059,261,0.096,259,0.027
l24_months,good shot (over +0.5 sg) rate,"Henley, Russell",209,0.115,584,0.079,871,0.055,461,0.059,178,0.096,218,0.055
l24_months,good shot (over +0.5 sg) rate,"Hughes, Mackenzie",177,0.073,584,0.079,903,0.041,459,0.05,355,0.065,353,0.057
l24_months,good shot (over +0.5 sg) rate,"Mullinax, Trey",101,0.119,255,0.078,339,0.071,167,0.036,164,0.061,108,0.046
l24_months,good shot (over +0.5 sg) rate,"Burns, Sam",251,0.084,689,0.078,919,0.062,511,0.074,281,0.057,271,0.085
l24_months,good shot (over +0.5 sg) rate,"Fowler, Rickie",165,0.103,640,0.078,830,0.071,392,0.056,246,0.053,303,0.046
l24_months,good shot (over +0.5 sg) rate,"Detry, Thomas",192,0.068,576,0.078,797,0.061,423,0.033,243,0.049,315,0.073
l24_months,good shot (over +0.5 sg) rate,"Young, Carson",179,0.073,564,0.078,750,0.056,382,0.05,192,0.052,209,0.043
l24_months,good shot (over +0.5 sg) rate,"Davis, Cam",191,0.099,437,0.078,744,0.059,391,0.061,253,0.067,286,0.038
l24_months,good shot (over +0.5 sg) rate,"Hoey, Rico",174,0.069,555,0.077,800,0.072,374,0.043,268,0.071,207,0.058
l24_months,good shot (over +0.5 sg) rate,"Crowe, Trace",83,0.06,220,0.077,299,0.074,156,0.045,134,0.052,120,0.033
l24_months,good shot (over +0.5 sg) rate,"Ryder, Sam",153,0.059,518,0.077,760,0.07,358,0.05,248,0.052,243,0.086
l24_months,good shot (over +0.5 sg) rate,"Dumont De Chassart, Adrien",81,0.012,272,0.077,342,0.038,163,0.037,145,0.062,148,0.041
l24_months,good shot (over +0.5 sg) rate,"Bhatia, Akshay",272,0.066,648,0.077,972,0.063,499,0.07,308,0.045,279,0.057
l24_months,good shot (over +0.5 sg) rate,"Bramlett, Joseph",132,0.076,363,0.077,544,0.061,261,0.038,264,0.045,191,0.042
l24_months,good shot (over +0.5 sg) rate,"Covello, Vince",25,0.04,78,0.077,118,0.042,56,0,54,0.037,null,null
l24_months,good shot (over +0.5 sg) rate,"McIlroy, Rory",139,0.079,481,0.077,670,0.054,360,0.069,271,0.089,236,0.093
l24_months,good shot (over +0.5 sg) rate,"Harman, Brian",251,0.112,666,0.077,1022,0.06,543,0.046,263,0.057,277,0.058
l24_months,good shot (over +0.5 sg) rate,"Moore, Ryan",75,0.08,249,0.076,424,0.054,179,0.034,90,0.089,102,0.039
l24_months,good shot (over +0.5 sg) rate,"Poston, J.T.",217,0.083,644,0.076,983,0.054,490,0.035,271,0.059,292,0.068
l24_months,good shot (over +0.5 sg) rate,"Fleetwood, Tommy",152,0.086,580,0.076,847,0.064,472,0.044,167,0.042,248,0.056
l24_months,good shot (over +0.5 sg) rate,"Cook, Austin",50,0.1,132,0.076,220,0.055,104,0.038,63,0.032,69,0.043
l24_months,good shot (over +0.5 sg) rate,"Snedeker, Brandt",140,0.071,412,0.075,632,0.054,311,0.039,188,0.053,180,0.039
l24_months,good shot (over +0.5 sg) rate,"Rai, Aaron",163,0.11,586,0.075,978,0.056,529,0.055,154,0.039,193,0.119
l24_months,good shot (over +0.5 sg) rate,"Dunlap, Nick",173,0.081,493,0.075,685,0.055,363,0.044,286,0.084,336,0.074
l24_months,good shot (over +0.5 sg) rate,"Kim, Michael",201,0.104,562,0.075,822,0.049,413,0.051,296,0.078,303,0.063
l24_months,good shot (over +0.5 sg) rate,"Aberg, Ludvig",188,0.117,619,0.074,748,0.057,434,0.081,243,0.074,255,0.055
l24_months,good shot (over +0.5 sg) rate,"Barjon, Paul",41,0.073,175,0.074,242,0.054,115,0.043,103,0.049,83,0.048
l24_months,good shot (over +0.5 sg) rate,"McGreevy, Max",64,0.156,310,0.074,462,0.05,217,0.06,97,0.041,117,0.051
l24_months,good shot (over +0.5 sg) rate,"Conners, Corey",197,0.081,703,0.074,962,0.065,539,0.058,248,0.04,251,0.06
l24_months,good shot (over +0.5 sg) rate,"Kisner, Kevin",101,0.069,272,0.074,486,0.029,215,0.042,147,0.041,158,0.038
l24_months,good shot (over +0.5 sg) rate,"Hadwin, Adam",222,0.081,599,0.073,800,0.066,462,0.071,271,0.037,269,0.03
l24_months,good shot (over +0.5 sg) rate,"Dahmen, Joel",203,0.084,519,0.073,762,0.06,352,0.04,215,0.047,184,0.043
l24_months,good shot (over +0.5 sg) rate,"Campbell, Brian",98,0.092,205,0.073,382,0.045,226,0.053,83,0.036,113,0.071
l24_months,good shot (over +0.5 sg) rate,"Noh, S.Y.",34,0.029,82,0.073,112,0.071,60,0.05,44,0.159,47,0.064
l24_months,good shot (over +0.5 sg) rate,"Xiong, Norman",55,0.018,164,0.073,256,0.039,115,0.043,101,0.069,101,0.059
l24_months,good shot (over +0.5 sg) rate,"Buckley, Hayden",121,0.05,397,0.073,575,0.054,257,0.027,202,0.054,129,0.047
l24_months,good shot (over +0.5 sg) rate,"Van Rooyen, Erik",197,0.096,507,0.073,746,0.06,390,0.049,270,0.059,254,0.067
l24_months,good shot (over +0.5 sg) rate,"Horschel, Billy",130,0.092,412,0.073,660,0.053,299,0.067,193,0.062,210,0.038
l24_months,good shot (over +0.5 sg) rate,"Dickson, Taylor",67,0.06,207,0.072,290,0.041,149,0.067,102,0.02,126,0.048
l24_months,good shot (over +0.5 sg) rate,"McCarthy, Denny",211,0.09,635,0.072,1023,0.056,485,0.068,218,0.083,341,0.059
l24_months,good shot (over +0.5 sg) rate,"Koivun, Jackson",29,0.034,152,0.072,152,0.059,98,0.02,49,0.082,39,0.077
l24_months,good shot (over +0.5 sg) rate,"Wu, Dylan",110,0.082,387,0.072,548,0.053,247,0.036,158,0.082,182,0.044
l24_months,good shot (over +0.5 sg) rate,"Woodland, Gary",181,0.077,512,0.072,827,0.071,377,0.064,309,0.058,300,0.073
l24_months,good shot (over +0.5 sg) rate,"Putnam, Andrew",175,0.069,485,0.072,861,0.046,414,0.048,158,0.076,236,0.064
l24_months,good shot (over +0.5 sg) rate,"Skinns, David",150,0.067,485,0.072,657,0.058,318,0.047,271,0.077,269,0.056
l24_months,good shot (over +0.5 sg) rate,"Thompson, Davis",245,0.082,666,0.072,939,0.067,457,0.037,314,0.067,282,0.032
l24_months,good shot (over +0.5 sg) rate,"Sigg, Greyson",135,0.104,528,0.072,734,0.044,334,0.051,190,0.058,231,0.056
l24_months,good shot (over +0.5 sg) rate,"Bridgeman, Jacob",165,0.067,559,0.072,803,0.044,384,0.052,286,0.063,294,0.078
l24_months,good shot (over +0.5 sg) rate,"Riley, Davis",166,0.066,521,0.071,722,0.055,370,0.041,323,0.056,274,0.066
l24_months,good shot (over +0.5 sg) rate,"Lee, K.H.",122,0.066,310,0.071,509,0.043,224,0.027,164,0.067,154,0.019
l24_months,good shot (over +0.5 sg) rate,"Straka, Sepp",171,0.105,606,0.071,967,0.065,485,0.049,190,0.058,246,0.049
l24_months,good shot (over +0.5 sg) rate,"Eckroat, Austin",213,0.117,608,0.071,907,0.053,477,0.055,253,0.063,232,0.065
l24_months,good shot (over +0.5 sg) rate,"Kohles, Ben",219,0.078,540,0.07,818,0.044,423,0.038,157,0.057,190,0.058
l24_months,good shot (over +0.5 sg) rate,"Ramey, Chad",205,0.049,514,0.07,742,0.063,362,0.055,217,0.069,242,0.054
l24_months,good shot (over +0.5 sg) rate,"Suh, Justin",82,0.085,286,0.07,349,0.054,171,0.035,117,0.06,103,0.058
l24_months,good shot (over +0.5 sg) rate,"Walker, Danny",68,0.103,172,0.07,250,0.06,124,0.032,130,0.085,93,0.054
l24_months,good shot (over +0.5 sg) rate,"Hubbard, Mark",198,0.096,645,0.07,923,0.064,459,0.07,260,0.058,291,0.038
l24_months,good shot (over +0.5 sg) rate,"Shelton, Robby",81,0.037,244,0.07,416,0.05,171,0.047,134,0.052,153,0.098
l24_months,good shot (over +0.5 sg) rate,"Power, Seamus",145,0.097,633,0.07,949,0.059,392,0.061,250,0.06,267,0.019
l24_months,good shot (over +0.5 sg) rate,"Schauffele, Xander",128,0.109,505,0.069,778,0.087,414,0.089,245,0.065,264,0.064
l24_months,good shot (over +0.5 sg) rate,"Pak, John",77,0.065,231,0.069,313,0.054,162,0.056,90,0.1,93,0.054
l24_months,good shot (over +0.5 sg) rate,"Capan III, Frankie",58,0.086,188,0.069,288,0.028,138,0.036,172,0.041,164,0.067
l24_months,good shot (over +0.5 sg) rate,"Hadley, Chesson",108,0.037,362,0.069,447,0.049,207,0.058,155,0.09,130,0.015
l24_months,good shot (over +0.5 sg) rate,"Vegas, Jhonattan",144,0.063,464,0.069,674,0.074,335,0.078,244,0.045,263,0.049
l24_months,good shot (over +0.5 sg) rate,"Zalatoris, Will",122,0.074,363,0.069,575,0.077,297,0.057,174,0.052,219,0.05
l24_months,good shot (over +0.5 sg) rate,"Campillo, Jorge",44,0.023,160,0.069,278,0.058,151,0.079,86,0.07,110,0.1
l24_months,good shot (over +0.5 sg) rate,"Blair, Zac",175,0.086,452,0.069,651,0.054,373,0.072,171,0.105,153,0.065
l24_months,good shot (over +0.5 sg) rate,"Kim, Chan",138,0.087,526,0.068,759,0.047,349,0.049,259,0.073,226,0.062
l24_months,good shot (over +0.5 sg) rate,"Molinari, Francesco",85,0.106,234,0.068,413,0.065,200,0.04,76,0.079,102,0.049
l24_months,good shot (over +0.5 sg) rate,"Yu, Kevin",205,0.068,572,0.068,792,0.057,406,0.057,299,0.06,253,0.051
l24_months,good shot (over +0.5 sg) rate,"List, Luke",148,0.074,500,0.068,662,0.057,343,0.079,273,0.073,264,0.038
l24_months,good shot (over +0.5 sg) rate,"Hatton, Tyrrell",48,0.125,118,0.068,226,0.097,134,0.052,51,0,54,0.056
l24_months,good shot (over +0.5 sg) rate,"Meissner, Mac",172,0.064,502,0.068,779,0.063,363,0.069,246,0.085,259,0.05
l24_months,good shot (over +0.5 sg) rate,"Rosenmueller, Thomas",92,0.087,207,0.068,298,0.084,154,0.045,108,0.028,84,0.048
l24_months,good shot (over +0.5 sg) rate,"Thornberry, Braden",64,0.047,164,0.067,251,0.012,113,0.009,126,0.024,96,0.021
l24_months,good shot (over +0.5 sg) rate,"Tosti, Alejandro",136,0.103,388,0.067,543,0.042,243,0.078,257,0.054,229,0.048
l24_months,good shot (over +0.5 sg) rate,"Suber, Jackson",92,0.12,224,0.067,328,0.058,173,0.064,155,0.058,114,0.044
l24_months,good shot (over +0.5 sg) rate,"Wu, Brandon",80,0.05,239,0.067,362,0.055,184,0.049,113,0.035,136,0.051
l24_months,good shot (over +0.5 sg) rate,"Laird, Martin",109,0.083,269,0.067,428,0.056,205,0.034,147,0.054,131,0.061
l24_months,good shot (over +0.5 sg) rate,"McNealy, Maverick",239,0.084,659,0.067,937,0.06,482,0.056,301,0.073,312,0.048
l24_months,good shot (over +0.5 sg) rate,"Pendrith, Taylor",185,0.108,632,0.066,758,0.059,400,0.045,308,0.055,263,0.057
l24_months,good shot (over +0.5 sg) rate,"Duncan, Tyler",85,0.047,243,0.066,346,0.038,169,0.03,103,0.029,92,0.076
l24_months,good shot (over +0.5 sg) rate,"NeSmith, Matt",102,0.059,319,0.066,491,0.043,208,0.038,153,0.039,144,0.028
l24_months,good shot (over +0.5 sg) rate,"Hale Jr, Blaine",53,0.038,152,0.066,192,0.057,101,0.05,107,0.075,73,0.027
l24_months,good shot (over +0.5 sg) rate,"Scott, Adam",152,0.092,488,0.066,702,0.058,365,0.06,230,0.065,250,0.06
l24_months,good shot (over +0.5 sg) rate,"Malnati, Peter",166,0.078,458,0.066,635,0.061,319,0.05,332,0.048,298,0.067
l24_months,good shot (over +0.5 sg) rate,"Thorbjornsen, Michael",128,0.078,352,0.065,454,0.055,257,0.062,198,0.076,150,0.087
l24_months,good shot (over +0.5 sg) rate,"Lee, Min Woo",172,0.052,506,0.065,667,0.048,354,0.059,305,0.046,241,0.046
l24_months,good shot (over +0.5 sg) rate,"Fisk, Steven",97,0.082,231,0.065,354,0.045,163,0.049,151,0.053,113,0.053
l24_months,good shot (over +0.5 sg) rate,"Finau, Tony",152,0.105,555,0.065,781,0.067,409,0.073,252,0.052,292,0.106
l24_months,good shot (over +0.5 sg) rate,"Albertson, Anders",52,0.019,139,0.065,216,0.032,96,0.052,99,0.04,86,0.058
l24_months,good shot (over +0.5 sg) rate,"Baddeley, Aaron",122,0.09,310,0.065,532,0.066,250,0.028,180,0.056,217,0.046
l24_months,good shot (over +0.5 sg) rate,"Hall, Harry",221,0.104,574,0.064,817,0.049,416,0.077,303,0.086,317,0.057
l24_months,good shot (over +0.5 sg) rate,"Cantlay, Patrick",197,0.091,513,0.064,714,0.071,413,0.044,267,0.045,250,0.044
l24_months,good shot (over +0.5 sg) rate,"Clanton, Luke",102,0.078,328,0.064,414,0.087,221,0.05,154,0.091,124,0.048
l24_months,good shot (over +0.5 sg) rate,"Lowry, Shane",195,0.108,563,0.064,790,0.076,429,0.086,189,0.085,256,0.063
l24_months,good shot (over +0.5 sg) rate,"Lower, Justin",162,0.111,629,0.064,858,0.054,381,0.037,244,0.09,282,0.067
l24_months,good shot (over +0.5 sg) rate,"McCarty, Matt",121,0.074,346,0.064,472,0.074,262,0.034,133,0.098,134,0.045
l24_months,good shot (over +0.5 sg) rate,"Jaeger, Stephan",175,0.171,599,0.063,860,0.049,469,0.043,331,0.097,338,0.065
l24_months,good shot (over +0.5 sg) rate,"Tarren, Callum",74,0.041,205,0.063,309,0.032,147,0.061,178,0.079,133,0.053
l24_months,good shot (over +0.5 sg) rate,"Paul, Jeremy",62,0.129,206,0.063,276,0.062,130,0.046,120,0.067,102,0.039
l24_months,good shot (over +0.5 sg) rate,"Smalley, Alex",135,0.089,509,0.063,702,0.053,342,0.056,250,0.056,227,0.057
l24_months,good shot (over +0.5 sg) rate,"Champ, Cameron",98,0.031,350,0.063,451,0.067,221,0.05,163,0.018,123,0.041
l24_months,good shot (over +0.5 sg) rate,"Campos, Rafael",126,0.008,415,0.063,615,0.06,310,0.045,252,0.067,225,0.049
l24_months,good shot (over +0.5 sg) rate,"Rodgers, Patrick",213,0.075,639,0.063,897,0.058,442,0.045,364,0.049,325,0.071
l24_months,good shot (over +0.5 sg) rate,"Griffin, Ben",202,0.119,689,0.062,1003,0.048,521,0.065,365,0.088,389,0.049
l24_months,good shot (over +0.5 sg) rate,"Ghim, Doug",205,0.093,609,0.062,854,0.062,408,0.071,248,0.069,225,0.036
l24_months,good shot (over +0.5 sg) rate,"Springer, Hayden",165,0.115,370,0.062,569,0.04,283,0.064,267,0.03,186,0.086
l24_months,good shot (over +0.5 sg) rate,"Dufner, Jason",31,0.129,97,0.062,null,null,null,null,27,0.074,null,null
l24_months,good shot (over +0.5 sg) rate,"Fox, Ryan",163,0.098,566,0.062,718,0.047,371,0.059,315,0.076,321,0.059
l24_months,good shot (over +0.5 sg) rate,"Hodges, Lee",158,0.127,600,0.062,849,0.066,413,0.087,222,0.072,223,0.067
l24_months,good shot (over +0.5 sg) rate,"English, Harris",170,0.053,633,0.062,1012,0.053,488,0.047,236,0.034,319,0.038
l24_months,good shot (over +0.5 sg) rate,"Silverman, Ben",182,0.099,587,0.061,738,0.069,348,0.046,216,0.069,234,0.034
l24_months,good shot (over +0.5 sg) rate,"Whaley, Vince",169,0.107,442,0.061,656,0.049,324,0.031,328,0.061,276,0.033
l24_months,good shot (over +0.5 sg) rate,"Todd, Brendon",134,0.097,393,0.061,640,0.05,296,0.064,150,0.053,186,0.038
l24_months,good shot (over +0.5 sg) rate,"Fishburn, Patrick",163,0.043,475,0.061,648,0.037,323,0.046,244,0.041,211,0.038
l24_months,good shot (over +0.5 sg) rate,"Echavarria, Nico",186,0.07,557,0.061,861,0.069,428,0.049,234,0.094,235,0.068
l24_months,good shot (over +0.5 sg) rate,"Pavon, Matthieu",173,0.064,574,0.061,765,0.051,441,0.054,225,0.08,250,0.06
l24_months,good shot (over +0.5 sg) rate,"Goodwin, Noah",75,0.107,197,0.061,304,0.046,137,0.036,82,0.073,87,0.057
l24_months,good shot (over +0.5 sg) rate,"Fitzpatrick, Matt",165,0.067,542,0.061,823,0.06,434,0.065,215,0.06,271,0.048
l24_months,good shot (over +0.5 sg) rate,"MacIntyre, Robert",171,0.07,610,0.061,842,0.055,455,0.048,274,0.069,295,0.078
l24_months,good shot (over +0.5 sg) rate,"Bryan, Wesley",63,0.063,133,0.06,178,0.039,96,0.052,108,0.019,76,0.053
l24_months,good shot (over +0.5 sg) rate,"Garnett, Brice",121,0.05,450,0.06,610,0.066,282,0.06,143,0.035,156,0.045
l24_months,good shot (over +0.5 sg) rate,"Schmid, Matti",144,0.042,500,0.06,733,0.055,321,0.072,263,0.061,238,0.05
l24_months,good shot (over +0.5 sg) rate,"Bjork, Alexander",61,0.082,134,0.06,271,0.037,151,0.046,58,0.103,73,0.055
l24_months,good shot (over +0.5 sg) rate,"DeChambeau, Bryson",32,0.063,84,0.06,155,0.09,91,0.055,50,0.08,47,0.021
l24_months,good shot (over +0.5 sg) rate,"Montgomery, Taylor",124,0.065,353,0.059,499,0.054,232,0.043,226,0.088,255,0.043
l24_months,good shot (over +0.5 sg) rate,"Higgs, Harry",82,0.122,287,0.059,367,0.074,191,0.073,171,0.035,127,0.055
l24_months,good shot (over +0.5 sg) rate,"Whitney, Tom",64,0.125,203,0.059,267,0.06,135,0.059,104,0.067,65,0.046
l24_months,good shot (over +0.5 sg) rate,"Simpson, Webb",97,0.082,339,0.059,449,0.051,190,0.042,173,0.064,144,0.063
l24_months,good shot (over +0.5 sg) rate,"Svensson, Adam",182,0.049,577,0.059,935,0.062,434,0.058,262,0.05,301,0.05
l24_months,good shot (over +0.5 sg) rate,"Teater, Josh",61,0.049,153,0.059,226,0.088,121,0.008,93,0.043,77,0.078
l24_months,good shot (over +0.5 sg) rate,"Willett, Danny",50,0.08,136,0.059,210,0.057,114,0.026,77,0.065,62,0.048
l24_months,good shot (over +0.5 sg) rate,"Andersen, Mason",59,0.034,153,0.059,247,0.032,116,0.052,118,0.025,98,0.071
l24_months,good shot (over +0.5 sg) rate,"Villegas, Camilo",158,0.101,379,0.058,553,0.061,270,0.044,225,0.08,272,0.055
l24_months,good shot (over +0.5 sg) rate,"Waring, Paul",39,0.128,88,0.057,126,0.056,71,0.085,39,0.077,57,0
l24_months,good shot (over +0.5 sg) rate,"Pan, C.T.",94,0.074,353,0.057,499,0.044,250,0.052,106,0.085,163,0.074
l24_months,good shot (over +0.5 sg) rate,"Johnson, Zach",152,0.099,372,0.056,565,0.06,258,0.039,110,0.064,165,0.073
l24_months,good shot (over +0.5 sg) rate,"McCormick, Ryan",56,0.071,178,0.056,265,0.042,143,0.049,122,0.049,86,0.047
l24_months,good shot (over +0.5 sg) rate,"Gotterup, Chris",191,0.073,481,0.056,697,0.055,383,0.065,388,0.07,300,0.07
l24_months,good shot (over +0.5 sg) rate,"Peterson, Paul",83,0.072,196,0.056,319,0.05,164,0.043,75,0.133,62,0.016
l24_months,good shot (over +0.5 sg) rate,"Brehm, Ryan",64,0.031,179,0.056,251,0.044,129,0,122,0.016,115,0.052
l24_months,good shot (over +0.5 sg) rate,"Lawrence, Thriston",75,0.08,217,0.055,330,0.042,174,0.052,96,0.073,86,0.081
l24_months,good shot (over +0.5 sg) rate,"Homa, Max",173,0.092,513,0.055,759,0.058,410,0.063,263,0.087,299,0.05
l24_months,good shot (over +0.5 sg) rate,"Hisatsune, Ryo",194,0.057,573,0.054,828,0.069,416,0.055,236,0.059,282,0.06
l24_months,good shot (over +0.5 sg) rate,"Coody, Parker",58,0.069,185,0.054,255,0.071,116,0.043,102,0.098,108,0.028
l24_months,good shot (over +0.5 sg) rate,"Kim, S.H.",98,0.143,333,0.054,505,0.063,252,0.056,189,0.063,194,0.052
l24_months,good shot (over +0.5 sg) rate,"Higgo, Garrick",133,0.06,353,0.054,450,0.062,222,0.045,224,0.067,180,0.033
l24_months,good shot (over +0.5 sg) rate,"Vilips, Karl",71,0.056,186,0.054,279,0.093,133,0.045,128,0.055,104,0.038
l24_months,good shot (over +0.5 sg) rate,"Lashley, Nate",134,0.09,410,0.054,604,0.056,288,0.028,193,0.078,192,0.063
l24_months,good shot (over +0.5 sg) rate,"Salinda, Isaiah",78,0.115,243,0.053,326,0.052,186,0.07,113,0.044,101,0.05
l24_months,good shot (over +0.5 sg) rate,"Sloan, Roger",92,0.141,225,0.053,297,0.051,145,0.048,111,0.063,85,0.035
l24_months,good shot (over +0.5 sg) rate,"Sargent, Gordon",57,0.07,113,0.053,136,0.044,76,0.053,84,0.048,52,0
l24_months,good shot (over +0.5 sg) rate,"Onishi, Kaito",55,0.055,151,0.053,241,0.041,119,0.101,88,0.08,84,0.048
l24_months,good shot (over +0.5 sg) rate,"Hossler, Beau",215,0.079,535,0.052,780,0.045,418,0.029,381,0.073,315,0.054
l24_months,good shot (over +0.5 sg) rate,"Svensson, Jesper",140,0.086,308,0.052,426,0.049,219,0.041,205,0.102,179,0.05
l24_months,good shot (over +0.5 sg) rate,"Stevens, Sam",242,0.07,718,0.052,931,0.046,470,0.049,359,0.07,285,0.039
l24_months,good shot (over +0.5 sg) rate,"Martin, Ben",112,0.08,255,0.051,447,0.065,212,0.033,137,0.044,146,0.041
l24_months,good shot (over +0.5 sg) rate,"Knowles, Philip",66,0.106,177,0.051,239,0.038,115,0.017,79,0.025,58,0.017
l24_months,good shot (over +0.5 sg) rate,"Hoshino, Rikuya",44,0.136,118,0.051,224,0.058,101,0.069,53,0.057,106,0.057
l24_months,good shot (over +0.5 sg) rate,"Chappell, Kevin",54,0.111,178,0.051,218,0.041,107,0.065,91,0.044,82,0.049
l24_months,good shot (over +0.5 sg) rate,"Ventura, Kris",107,0.075,299,0.05,388,0.052,195,0.051,147,0.061,118,0.025
l24_months,good shot (over +0.5 sg) rate,"Gordon, Will",84,0.024,320,0.05,471,0.049,198,0.045,157,0.064,147,0.068
l24_months,good shot (over +0.5 sg) rate,"Reavie, Chez",101,0.089,281,0.05,447,0.072,193,0.067,127,0.11,124,0.065
l24_months,good shot (over +0.5 sg) rate,"Riedel, Matthew",61,0.016,202,0.05,242,0.012,123,0.065,92,0.054,87,0.057
l24_months,good shot (over +0.5 sg) rate,"Harrington, Padraig",28,0.071,101,0.05,181,0.05,86,0.047,53,0.094,66,0.015
l24_months,good shot (over +0.5 sg) rate,"Moore, Taylor",229,0.07,532,0.049,842,0.049,429,0.054,320,0.056,323,0.05
l24_months,good shot (over +0.5 sg) rate,"Lindheim, Nicholas",41,0.098,125,0.048,154,0.039,72,0.042,56,0.054,54,0
l24_months,good shot (over +0.5 sg) rate,"Dougherty, Kevin",68,0.029,192,0.047,244,0.037,129,0.031,115,0.07,89,0.056
l24_months,good shot (over +0.5 sg) rate,"Cummins, Quade",69,0.058,241,0.046,315,0.044,159,0.069,137,0.051,131,0.053
l24_months,good shot (over +0.5 sg) rate,"Im, Sungjae",215,0.07,642,0.045,1034,0.053,554,0.067,242,0.07,309,0.078
l24_months,good shot (over +0.5 sg) rate,"Kanaya, Takumi",92,0.065,269,0.045,428,0.037,213,0.042,77,0.039,76,0.026
l24_months,good shot (over +0.5 sg) rate,"O'Hair, Sean",22,0.091,92,0.043,118,0.034,58,0.052,54,0.148,null,null
l24_months,good shot (over +0.5 sg) rate,"Trainer, Martin",63,0.048,139,0.043,217,0.074,104,0.058,117,0.068,88,0.034
l24_months,good shot (over +0.5 sg) rate,"Norrman, Vincent",87,0.069,257,0.043,381,0.047,168,0.048,118,0.025,123,0.033
l24_months,good shot (over +0.5 sg) rate,"Niemann, Joaquin",32,0.125,94,0.043,154,0.045,98,0.061,37,0.162,50,0.1
l24_months,good shot (over +0.5 sg) rate,"Ford, David",39,0.077,145,0.041,156,0.038,78,0.051,29,0.103,null,null
l24_months,good shot (over +0.5 sg) rate,"Smotherman, Austin",41,0.024,147,0.041,209,0.062,96,0.031,86,0.07,53,0.038
l24_months,good shot (over +0.5 sg) rate,"Gribble, Cody",34,0.088,104,0.038,126,0.063,66,0.061,62,0.048,null,null
l24_months,good shot (over +0.5 sg) rate,"Shipley, Neal",60,0.033,140,0.036,185,0.049,96,0.115,79,0.063,40,0.025
l24_months,good shot (over +0.5 sg) rate,"Taylor, Ben",62,0.097,200,0.035,301,0.043,136,0.037,116,0.043,128,0.055
l24_months,good shot (over +0.5 sg) rate,"Pereda, Raul",42,0.071,143,0.035,181,0.039,93,0.075,76,0.026,82,0.037
l24_months,good shot (over +0.5 sg) rate,"Hahn, James",68,0.029,202,0.035,248,0.032,140,0.05,95,0.074,84,0
l24_months,good shot (over +0.5 sg) rate,"Endycott, Harrison",64,0.094,182,0.033,250,0.044,137,0.044,81,0.049,76,0.039
l24_months,good shot (over +0.5 sg) rate,"Furr, Wilson",67,0.045,183,0.033,255,0.059,116,0.078,108,0.093,83,0.048
l24_months,good shot (over +0.5 sg) rate,"Cone, Trevor",79,0.051,186,0.032,267,0.056,146,0.014,124,0.048,80,0.1
l24_months,good shot (over +0.5 sg) rate,"Rahm, Jon",44,0.114,94,0.032,172,0.081,101,0.04,33,0.03,49,0.061
l24_months,good shot (over +0.5 sg) rate,"Palmer, Ryan",96,0.125,316,0.032,408,0.044,189,0.042,143,0.063,144,0.021
l24_months,good shot (over +0.5 sg) rate,"Del Solar, Cristobal",58,0.069,194,0.031,274,0.066,156,0.058,150,0.08,122,0.066
l24_months,good shot (over +0.5 sg) rate,"Mouw, William",63,0.079,195,0.031,269,0.048,150,0.067,114,0.061,97,0.041
l24_months,good shot (over +0.5 sg) rate,"Tway, Kevin",64,0.078,168,0.03,285,0.042,147,0.054,129,0.07,103,0.039
l24_months,good shot (over +0.5 sg) rate,"Cink, Stewart",70,0.086,180,0.028,272,0.063,118,0.068,88,0.057,89,0.056
l24_months,good shot (over +0.5 sg) rate,"Watney, Nick",36,0.083,86,0.023,115,0.061,null,null,73,0.041,74,0.041
l24_months,good shot (over +0.5 sg) rate,"Byrd, Jonathan",40,0.15,93,0.022,140,0.029,61,0.016,50,0.1,47,0
l24_months,good shot (over +0.5 sg) rate,"Kraft, Kelly",29,0.103,99,0.02,145,0.09,77,0.039,46,0,49,0.02
l24_months,good shot (over +0.5 sg) rate,"Stanger, Jimmy",37,0.027,101,0.02,151,0.079,68,0.044,56,0.036,50,0.08
l24_months,good shot (over +0.5 sg) rate,"Hillier, Daniel",null,null,null,null,null,null,null,null,null,null,44,0.045
l24_months,good shot (over +0.5 sg) rate,"Hidalgo Portillo, Angel",null,null,null,null,null,null,null,null,27,0.037,null,null
l24_months,good shot (over +0.5 sg) rate,"Knox, Russell",null,null,null,null,null,null,null,null,37,0.081,null,null
l24_months,good shot (over +0.5 sg) rate,"Westmoreland, Kyle",null,null,null,null,null,null,null,null,26,0.077,null,null
l24_months,good shot (over +0.5 sg) rate,"De La Fuente, Santiago",null,null,null,null,103,0,62,0.016,23,0.043,null,null
l24_months,good shot (over +0.5 sg) rate,"Sharma, Shubhankar",null,null,null,null,null,null,null,null,21,0,null,null
l24_months,good shot (over +0.5 sg) rate,"Lamprecht, Christo",null,null,null,null,null,null,null,null,27,0.074,null,null
l24_months,good shot (over +0.5 sg) rate,"McGirt, William",null,null,null,null,null,null,null,null,31,0.065,null,null
l24_months,good shot (over +0.5 sg) rate,"Long, Adam",25,0.12,null,null,104,0.019,null,null,43,0.093,43,0.093
l24_months,good shot (over +0.5 sg) rate,"Musselman, Cooper",null,null,null,null,null,null,null,null,21,0.048,null,null
l24_months,good shot (over +0.5 sg) rate,"Puig, David",null,null,null,null,null,null,null,null,37,0.054,39,0.051
l24_months,good shot (over +0.5 sg) rate,"Meronk, Adrian",21,0.095,null,null,null,null,null,null,null,null,null,null
l24_months,good shot (over +0.5 sg) rate,"Nakajima, Keita",null,null,null,null,null,null,57,0.018,25,0.08,null,null
l24_months,good shot (over +0.5 sg) rate,"Semikawa, Taiga",null,null,null,null,null,null,null,null,31,0.065,null,null
l24_months,good shot (over +0.5 sg) rate,"Dou, Zecheng",null,null,null,null,null,null,null,null,39,0.077,39,0.103
l24_months,good shot (over +0.5 sg) rate,"Mickelson, Phil",31,0.065,null,null,118,0.051,81,0.062,35,0.086,42,0.048
l24_months,good shot (over +0.5 sg) rate,"Stallings, Scott",null,null,null,null,116,0.052,58,0.069,37,0.054,51,0
l24_months,good shot (over +0.5 sg) rate,"Holmes, J.B.",43,0.116,null,null,99,0.061,null,null,45,0.022,53,0.038
l24_months,good shot (over +0.5 sg) rate,"Smith, Jordan",26,0.038,null,null,125,0.088,68,0,23,0.13,null,null
l24_months,good shot (over +0.5 sg) rate,"Migliozzi, Guido",null,null,null,null,null,null,null,null,28,0.214,null,null
l24_months,good shot (over +0.5 sg) rate,"Daffue, MJ",24,0.042,null,null,null,null,null,null,53,0.132,null,null
l24_months,good shot (over +0.5 sg) rate,"Kruyswijk, Jacques",null,null,null,null,null,null,null,null,22,0.091,null,null
l24_months,good shot (over +0.5 sg) rate,"Koepka, Brooks",33,0.061,null,null,151,0.086,97,0.093,34,0.118,52,0.038
l24_months,good shot (over +0.5 sg) rate,"Smith, Cameron",27,0.037,null,null,109,0.037,76,0.013,38,0.079,50,0
l24_months,good shot (over +0.5 sg) rate,"Reed, Patrick",35,0.114,null,null,116,0.095,79,0.051,24,0.042,null,null
l24_months,good shot (over +0.5 sg) rate,"Canter, Laurie",29,0.034,null,null,122,0.066,67,0.03,30,0.1,null,null
l24_months,good shot (over +0.5 sg) rate,"Burmester, Dean",null,null,null,null,null,null,62,0.081,34,0.088,47,0
l24_months,good shot (over +0.5 sg) rate,"Johnson, Dustin",36,0.083,null,null,123,0.033,73,0.068,26,0.038,48,0.021
l24_months,good shot (over +0.5 sg) rate,"Block, Michael",null,null,null,null,null,null,null,null,21,0.095,null,null
l24_months,good shot (over +0.5 sg) rate,"Pavan, Andrea",null,null,null,null,null,null,null,null,23,0.087,null,null
l24_months,good shot (over +0.5 sg) rate,"Gainey, Tommy",21,0.095,null,null,null,null,null,null,30,0,null,null
l24_months,good shot (over +0.5 sg) rate,"Frittelli, Dylan",null,null,null,null,null,null,null,null,34,0.118,null,null
l24_months,good shot (over +0.5 sg) rate,"Walker, Jimmy",null,null,null,null,null,null,null,null,46,0.022,45,0.067
l24_months,good shot (over +0.5 sg) rate,"Garcia, Sergio",null,null,null,null,null,null,57,0.035,null,null,null,null
l24_months,good shot (over +0.5 sg) rate,"Donald, Luke",32,0.031,null,null,126,0.087,80,0.013,34,0.118,51,0.02
l24_months,good shot (over +0.5 sg) rate,"Cantero Gutierrez, Ivan",null,null,null,null,null,null,null,null,25,0,null,null
l24_months,good shot (over +0.5 sg) rate,"Johnson, Tom",null,null,null,null,null,null,null,null,24,0.042,null,null
l24_months,good shot (over +0.5 sg) rate,"Brown, Daniel",null,null,null,null,null,null,null,null,26,0,null,null
l24_months,good shot (over +0.5 sg) rate,"Byrd, Marcus",null,null,null,null,null,null,null,null,21,0.048,null,null
l24_months,good shot (over +0.5 sg) rate,"Weir, Mike",29,0,null,null,null,null,null,null,null,null,null,null
l24_months,good shot (over +0.5 sg) rate,"La Sasso, Michael",null,null,null,null,null,null,null,null,25,0.04,null,null
l24_months,good shot (over +0.5 sg) rate,"Keefer, Johnny",22,0.091,null,null,null,null,null,null,38,0.105,null,null
l24_months,good shot (over +0.5 sg) rate,"McCulloch, Ashton",null,null,null,null,null,null,null,null,24,0.042,null,null
l24_months,good shot (over +0.5 sg) rate,"Brown, Blades",26,0.154,null,null,108,0.056,null,null,28,0.071,38,0
l24_months,good shot (over +0.5 sg) rate,"Hastings, Justin",null,null,null,null,100,0.05,null,null,25,0.04,null,null
l24_months,good shot (over +0.5 sg) rate,"James, Ben",28,0.071,null,null,null,null,null,null,31,0.161,null,null
l24_months,good shot (over +0.5 sg) rate,"Olesen, Jacob Skov",null,null,null,null,null,null,null,null,24,0.125,null,null
l24_months,good shot (over +0.5 sg) rate,"Wise, Aaron",null,null,null,null,null,null,null,null,31,0,null,null
l24_months,good shot (over +0.5 sg) rate,"Jordan, Matthew",null,null,null,null,95,0.053,null,null,28,0.107,null,null
l24_months,good shot (over +0.5 sg) rate,"Docherty, Alistair",null,null,null,null,null,null,null,null,29,0,null,null
l24_months,good shot (over +0.5 sg) rate,"Reiter, Charles",null,null,null,null,null,null,null,null,30,0.1,null,null
l24_months,good shot (over +0.5 sg) rate,"Smylie, Elvis",null,null,null,null,null,null,null,null,22,0.136,null,null
l24_months,good shot (over +0.5 sg) rate,"Matthews, Brandon",null,null,null,null,null,null,null,null,23,0,null,null
l24_months,good shot (over +0.5 sg) rate,"Penge, Marco",21,0,null,null,null,null,null,null,23,0.087,null,null
l24_months,good shot (over +0.5 sg) rate,"McKibbin, Tom",null,null,null,null,106,0.028,56,0.071,22,0.045,null,null
l24_months,good shot (over +0.5 sg) rate,"Shattuck, Braden",null,null,null,null,null,null,null,null,37,0.054,null,null
